{
  "timestamp": "2026-01-06T22:39:42.427Z",
  "testConfig": {
    "iterations": 30,
    "batchSizes": [
      10,
      100,
      1000
    ]
  },
  "algorithms": {
    "ecdsa": {
      "name": "ECDSA secp256k1",
      "keySize": "256-bit (32 bytes private, 65 bytes public)",
      "signatureSize": 132,
      "keyGenTime": [
        92.70190000000002,
        15.755500000000211,
        17.703799999999774,
        16.1859000000004,
        15.866700000000037,
        13.586999999999989,
        14.728499999999713,
        12.965900000000147,
        13.936799999999948,
        15.069700000000012,
        15.648200000000088,
        12.547199999999975,
        13.147100000000137,
        11.644400000000132,
        11.64390000000003,
        11.797599999999875,
        11.394999999999982,
        12.253400000000056,
        11.279500000000098,
        11.72460000000001,
        11.942400000000362,
        14.088799999999992,
        14.433600000000297,
        12.03839999999991,
        13.364800000000287,
        16.73090000000002,
        12.713000000000193,
        11.302000000000135,
        11.961399999999685,
        11.373700000000099
      ],
      "signTime": [
        6.914099999999962,
        3.2127000000000407,
        2.905300000000352,
        3.9857000000010885,
        3.9505000000008295,
        2.890400000000227,
        3.5385999999998603,
        3.4122999999999593,
        4.160100000000966,
        2.617000000000189,
        1.997800000001007,
        1.88340000000062,
        1.961299999999028,
        2.46179999999913,
        2.300700000001598,
        2.03650000000016,
        1.7857999999996537,
        1.8137000000006083,
        1.8346999999994296,
        2.033400000000256,
        1.9252999999989697,
        1.8773000000001048,
        1.9879000000000815,
        1.9776999999994587,
        2.056399999999485,
        3.4482000000007247,
        2.0349999999998545,
        1.9297000000005937,
        1.9503999999997177,
        2.04450000000179
      ],
      "verifyTime": [
        6.668599999997241,
        4.957900000001246,
        5.627399999997579,
        4.744600000005448,
        4.942800000004354,
        5.3004000000000815,
        5.083599999998114,
        6.071899999995367,
        4.9046999999991385,
        5.090800000005402,
        4.705299999994168,
        5.0090000000054715,
        5.23859999999695,
        4.7915999999968335,
        5.346199999999953,
        4.734700000000885,
        5.368200000004435,
        5.114900000000489,
        5.066500000000815,
        4.98410000000149,
        4.712100000004284,
        4.9262000000017,
        4.759500000000116,
        5.253199999999197,
        4.848100000002887,
        4.9363999999986845,
        4.952299999997194,
        5.595699999998033,
        5.362499999995634,
        4.806799999998475
      ],
      "credentialSize": [
        554
      ]
    },
    "rsa2048": {
      "name": "RSA-PSS 2048-bit",
      "keySize": "2048-bit (~1700 bytes each)",
      "signatureSize": 344,
      "keyGenTime": [
        138.9683,
        556.748,
        79.31500000000005,
        168.17149999999992,
        108.2468000000008,
        503.1199999999999,
        563.4299000000001,
        228.46650000000045,
        227.2424000000001,
        232.92499999999927,
        191.46689999999944,
        139.5605000000005,
        150.3737000000001,
        162.9384,
        77.5694999999996,
        242.17199999999957,
        113.31690000000071,
        264.59719999999925,
        426.7308000000003,
        492.6413999999995,
        140.25950000000012,
        170.43139999999948,
        123.15569999999934,
        140.3071,
        166.84710000000086,
        194.76180000000022,
        175.7634999999991,
        305.79110000000037,
        639.2679000000007,
        142.90160000000105
      ],
      "signTime": [
        1436.7590999999993,
        1323.9829000000009,
        1322.0488999999998,
        1342.027,
        1314.4498999999996,
        1324.0679999999993,
        1315.1934,
        1364.0724999999984,
        1316.0493999999999,
        1326.6022000000012,
        1304.113300000001,
        1304.380799999999,
        1346.8068999999996,
        1305.0874000000003,
        1326.6552999999985,
        1304.5208999999995,
        1303.905899999998,
        1299.2684000000008,
        1388.5657999999967,
        1513.7523999999976,
        1537.9693000000043,
        1392.0241000000024,
        1590.8081999999995,
        1348.348300000005,
        1344.9440000000031,
        1401.996500000001,
        1418.5818,
        1358.4311000000016,
        1379.0931000000055,
        1329.7692000000025
      ],
      "verifyTime": [
        38.27390000000014,
        36.07360000000335,
        35.52390000000014,
        36.37670000000071,
        37.65849999999773,
        35.89449999999488,
        37.79109999999491,
        57.087100000004284,
        37.09030000000348,
        35.276599999997416,
        34.94810000000143,
        38.02339999999822,
        39.167499999995925,
        36.604599999998754,
        37.95599999999831,
        35.93370000000141,
        38.31629999999859,
        36.372300000002724,
        35.6704000000027,
        36.14220000000205,
        35.15060000000085,
        35.6111000000019,
        35.1846000000005,
        36.77969999999914,
        37.74640000000363,
        34.3972999999969,
        34.54160000000411,
        34.775699999998324,
        36.34599999999773,
        36.69060000000172
      ],
      "credentialSize": [
        755
      ]
    },
    "rsa4096": {
      "name": "RSA-PSS 4096-bit",
      "keySize": "4096-bit (~3200 bytes each)",
      "signatureSize": 684,
      "keyGenTime": [],
      "signTime": [],
      "verifyTime": [],
      "credentialSize": [
        1095
      ]
    },
    "dilithium3": {
      "name": "Dilithium3 (Post-Quantum)",
      "keySize": "1952 bytes public, 4000 bytes secret",
      "signatureSize": 6620,
      "keyGenTime": [
        21.82549999999901,
        9.53269999999975,
        6.877300000000105,
        5.348899999999048,
        5.0674999999992,
        3.39429999999993,
        3.1969000000008236,
        4.707899999999427,
        4.336900000000242,
        3.2501000000011118,
        4.761500000000524,
        3.084100000000035,
        3.1018000000003667,
        4.059100000000399,
        3.233799999999974,
        3.10950000000048,
        4.080599999999322,
        3.102199999999357,
        2.9868999999998778,
        3.591999999998734,
        3.34059999999954,
        3.0702000000001135,
        3.1669999999994616,
        5.205400000000736,
        4.013800000000629,
        3.830899999999019,
        3.1516000000010536,
        2.995999999999185,
        3.037500000000364,
        3.022799999998824
      ],
      "signTime": [
        13.24199999999837,
        7.92960000000312,
        36.726800000004005,
        6.233099999997648,
        5.703199999996286,
        6.483599999999569,
        10.00119999999879,
        8.019000000000233,
        5.639999999999418,
        33.266600000002654,
        11.62999999999738,
        8.267199999994773,
        36.27649999999994,
        10.669199999996636,
        11.68930000000546,
        13.017200000002049,
        5.554900000002817,
        30.200300000004063,
        10.528200000000652,
        5.834000000002561,
        8.120699999999488,
        5.471900000004098,
        5.631799999995565,
        10.941100000003644,
        5.68909999999596,
        7.91820000000007,
        17.775500000003376,
        10.963300000003073,
        42.80529999999999,
        10.940300000002026
      ],