{
  "deviceTier": "low-end",
  "timestamp": "2026-03-28T16:35:13.959Z",
  "results": {
    "ECDSA": {
      "algorithm": "ECDSA secp256k1",
      "description": "Standard for mobile wallets (Bitcoin, Ethereum)",
      "walletCreation": {
        "avgTime": 1.3718575399999968,
        "minTime": 0.5609809999999698,
        "maxTime": 6.461320999999998,
        "medianTime": 1.1723155000000531,
        "stdDev": 0.8822951347701377,
        "p95": 2.9206160000000523,
        "p99": 4.676275999999973,
        "avgMemory": 35511.76,
        "times": [
          1.8840440000000171,
          1.7799819999999613,
          1.6677520000000072,
          2.0552129999999806,
          4.676275999999973,
          1.7238780000000133,
          1.0324620000000095,
          1.620597000000032,
          2.2821160000000305,
          6.461320999999998,
          4.390968999999984,
          3.1963120000000345,
          1.8357300000000123,
          0.9271700000000465,
          1.6562830000000304,
          1.9219659999999976,
          0.72584599999999,
          1.444548999999995,
          0.7791859999999815,
          0.6967980000000011,
          0.8641930000000002,
          1.1614430000000198,
          1.5542689999999766,
          1.656140999999991,
          1.081797999999992,
          0.9865399999999909,
          2.9206160000000523,
          3.835130000000049,
          1.3913289999999847,
          1.6836210000000165,
          1.5953530000000455,
          1.3816649999999981,
          1.6486079999999674,
          0.9489470000000324,
          2.0718689999999924,
          1.11962699999998,
          0.981646000000012,
          0.6161389999999756,
          1.4185489999999845,
          1.7114730000000122,
          1.5230320000000006,
          1.4305880000000002,
          1.4081520000000296,
          1.5832540000000108,
          1.3362859999999728,
          1.1890409999999747,
          1.2982769999999846,
          1.1831880000000865,
          1.8409699999999702,
          1.4236389999999801,
          1.397136000000046,
          0.9005760000000009,
          0.5909530000000132,
          0.5722889999999552,
          0.5907609999999295,
          0.7263939999999138,
          0.6331410000000233,
          0.5609809999999698,
          1.2865979999999126,
          0.8012750000000324,
          0.7870639999999867,
          0.7836269999999104,
          0.9644190000000208,
          0.836420999999973,
          0.8053760000000239,
          0.8906620000000203,
          0.8089840000000095,
          0.5888720000000376,
          0.7402000000000726,
          0.7867649999999458,
          0.8283910000000105,
          1.2141330000000607,
          1.55753100000004,
          0.7864359999999806,
          0.9583519999999908,
          0.8658199999999852,
          0.9401680000000852,
          0.7376499999999169,
          1.0872399999999516,
          1.6233009999999695,
          0.9846180000000686,
          0.5640099999999393,
          0.9366860000000088,
          1.3141539999999168,
          1.4762779999999793,
          1.8433979999999792,
          1.9027419999999893,
          1.2551359999999931,
          1.0538080000000036,
          1.0590720000000147,
          1.258809000000042,
          0.9537669999999707,
          0.9753140000000258,
          1.082224999999994,
          1.4316239999999425,
          0.7666769999999588,
          0.8370989999999665,
          0.6458460000000059,
          0.768385999999964,
          1.8207559999999603
        ]
      },
      "credentialSigning": {
        "avgTime": 2.7281119800000058,
        "minTime": 1.0339050000000043,
        "maxTime": 21.445442999999955,
        "medianTime": 1.9768909999999664,
        "stdDev": 2.628403138834304,
        "p95": 6.410435000000007,
        "p99": 11.895514000000048,
        "avgMemory": 21727.68,
        "times": [
          21.445442999999955,
          4.636346000000003,
          3.097378000000049,
          3.419031000000018,
          2.208073000000013,
          2.293745000000058,
          2.7669740000000047,
          3.698982000000001,
          11.895514000000048,
          5.197520000000054,
          6.410435000000007,
          1.7369840000000067,
          1.3844970000000103,
          1.3036549999999352,
          1.282515000000103,
          3.4227560000000494,
          4.365553000000091,
          2.56074000000001,
          5.652557999999999,
          2.56383900000003,
          8.459498000000053,
          3.3741390000000138,
          2.911783000000014,
          3.0743250000000444,
          2.91356200000007,
          9.499051000000009,
          2.1339980000000196,
          3.1167199999999866,
          8.89218799999992,
          3.3372739999999794,
          2.9793480000000727,
          1.8426359999999704,
          2.103313000000071,
          6.259665000000041,
          3.3107009999999946,
          2.070869000000016,
          1.3797210000000177,
          1.4714510000000018,
          1.3331799999999703,
          1.187954999999988,
          1.092563000000041,
          1.846757000000025,
          3.9552099999999655,
          2.4429440000000113,
          2.1035699999999906,
          1.9190800000000081,
          1.5239810000000489,
          1.6174169999999322,
          1.6376530000000002,
          1.5671179999999367,
          1.7727109999999584,
          2.8336950000000343,
          1.3331809999999678,
          1.8474790000000212,
          2.583639000000062,
          2.321523999999954,
          2.5598430000000008,
          1.3028060000000323,
          1.1896990000000187,
          2.01122399999997,
          3.87620000000004,
          1.3747150000000374,
          1.1851900000000342,
          1.0760269999999537,
          1.1506640000000061,
          1.0339050000000043,
          1.6535000000000082,
          1.6867449999999735,
          1.2690240000000585,
          1.7286649999999781,
          1.3132569999999077,
          2.0400560000000496,
          1.7582889999999907,
          2.4804619999999886,
          1.8909549999999626,
          1.2612189999999828,
          2.1863839999999755,
          2.148869999999988,
          1.6000159999999823,
          1.8089980000000878,
          1.4717750000000933,
          1.325572999999963,
          1.6535809999999174,
          1.2601529999999457,
          1.2396270000000413,
          1.084660000000099,
          2.1401329999999916,
          1.9425579999999627,
          1.2249889999999368,
          2.1427139999999554,
          1.7424980000000687,
          1.3498459999999568,
          1.554371999999944,
          1.6890789999999924,
          1.2408329999999523,
          3.068964000000051,
          2.463081999999986,
          2.7373870000000124,
          1.7743709999999737,
          2.725853000000029
        ]
      },
      "rapidSigning": {
        "avgBatchTime": 18.75582700000002,
        "avgPerSignature": 1.875582700000002
      },
      "sizes": {
        "publicKeySize": 132,
        "privateKeySize": 66,
        "signatureSize": 132,
        "credentialSize": 523,
        "nfcTransferTime": 1.2334905660377358,
        "bluetoothTransferTime": 0.2615,
        "fitsInQR": true
      }
    },
    "ML-DSA-44": {
      "algorithm": "ML-DSA-44 (Dilithium2)",
      "description": "Post-Quantum signature scheme",
      "walletCreation": {
        "avgTime": 3.1696681800000035,
        "minTime": 2.450980999999956,
        "maxTime": 7.26213800000005,
        "medianTime": 2.922470999999973,
        "stdDev": 0.7745655202795542,
        "p95": 4.741191999999955,
        "p99": 5.702628000000004,
        "avgMemory": -35677.52,