{
  "deviceTier": "low-end",
  "timestamp": "2026-03-22T16:00:55.620Z",
  "results": {
    "ECDSA": {
      "algorithm": "ECDSA secp256k1",
      "description": "Standard for mobile wallets (Bitcoin, Ethereum)",
      "walletCreation": {
        "avgTime": 1.2123482000000012,
        "minTime": 0.4926020000000335,
        "maxTime": 4.926228000000037,
        "medianTime": 1.0529429999999707,
        "stdDev": 0.7214297191263623,
        "p95": 2.670411999999942,
        "p99": 3.4470179999999573,
        "avgMemory": 33623.04,
        "times": [
          1.8706830000000991,
          3.170560000000023,
          3.032167000000072,
          3.2744599999999764,
          3.4470179999999573,
          2.609301999999957,
          1.483522999999991,
          1.6140759999999545,
          2.0064970000000812,
          4.926228000000037,
          1.46893799999998,
          1.3790669999999636,
          1.0525189999999611,
          1.4081590000000688,
          1.6107690000000048,
          0.8708610000001045,
          0.9232959999999366,
          1.2660810000000993,
          0.6318080000000919,
          0.6316079999999147,
          0.7249749999999722,
          0.8612940000000435,
          0.651644000000033,
          0.6591879999999719,
          0.7846369999999752,
          1.3234310000000278,
          1.250479999999925,
          1.369448000000034,
          1.826110999999969,
          1.0945649999999887,
          1.1039789999999812,
          1.0255240000000185,
          0.5951229999999441,
          0.548385000000053,
          0.5437440000000606,
          0.4926020000000335,
          0.619152999999983,
          0.9821329999999762,
          1.6152089999999362,
          1.3074719999999616,
          1.3464729999999463,
          1.2577029999999922,
          0.7114090000000033,
          1.0184729999999718,
          1.3662950000000365,
          1.9435819999999921,
          1.4823249999999462,
          1.1119680000000471,
          1.1501289999999926,
          0.5991439999999102,
          0.6497610000000122,
          0.6014450000000124,
          0.6573840000000928,
          0.577590999999984,
          0.6717470000000958,
          0.5811899999999923,
          0.8148609999999508,
          0.871120000000019,
          0.9789070000000493,
          1.3779479999999467,
          0.6581479999999829,
          0.6853059999999687,
          0.7021190000000388,
          0.6075049999999464,
          0.5971459999999524,
          0.5556919999999081,
          0.5669000000000324,
          0.5730909999999767,
          0.5443070000000034,
          0.7064890000000332,
          0.7859939999999597,
          0.8459940000000188,
          0.9108659999999418,
          1.1800250000000005,
          1.470884999999953,
          1.1425629999999956,
          0.7077749999999696,
          0.7075999999999567,
          0.9386490000000549,
          2.670411999999942,
          1.1685580000000755,
          1.9202159999999822,
          1.6089989999999261,
          1.185895999999957,
          1.633307000000059,
          1.3720130000000381,
          1.1770539999999983,
          1.2879400000000487,
          1.7334000000000742,
          0.9875650000000178,
          1.4700740000000678,
          2.006248000000028,
          1.552863000000002,
          1.390623000000005,
          0.8898259999999709,
          1.0533669999999802,
          0.6968490000000429,
          0.5978120000000899,
          0.9148930000000064,
          1.2036789999999655
        ]
      },
      "credentialSigning": {
        "avgTime": 2.9691876300000057,
        "minTime": 1.2815539999999146,
        "maxTime": 29.930777000000035,
        "medianTime": 2.361067500000047,
        "stdDev": 2.979393380537701,
        "p95": 5.243751000000088,
        "p99": 9.179343000000017,
        "avgMemory": 27042.48,
        "times": [
          29.930777000000035,
          3.7963549999999486,
          2.405212000000006,
          3.595219000000043,
          2.0876930000000584,
          2.3406290000000354,
          2.722364000000084,
          4.4446570000000065,
          9.179343000000017,
          5.258059000000003,
          2.540994000000069,
          2.5831150000000207,
          1.7932479999999487,
          1.7323669999999538,
          1.678672000000006,
          1.6645650000000387,
          5.676908000000026,
          5.738372000000027,
          5.086098000000106,
          2.929298000000017,
          3.4632759999999507,
          4.05632700000001,
          3.1751130000000103,
          2.011349999999993,
          2.7635569999999916,
          4.228915000000029,
          2.53478199999995,
          3.485792999999944,
          3.863796999999977,
          3.3413660000001073,
          4.766602000000034,
          3.4120890000000372,
          3.148994000000016,
          4.534617000000026,
          3.7466260000001057,
          2.2944380000000137,
          1.7280800000000909,
          1.93243700000005,
          2.4219980000000305,
          2.080906999999911,
          2.682988999999907,
          4.750366999999983,
          3.7918809999999894,
          2.2681850000000168,
          2.6053809999999658,
          2.5124140000000352,
          2.124019999999973,
          1.8670720000000074,
          1.6141489999999976,
          1.4992330000000038,
          2.5135779999999386,
          2.5375480000000152,
          2.149048999999991,
          1.688833999999929,
          1.8082390000000714,
          4.592280999999957,
          1.615052999999989,
          1.5308699999999362,
          1.9523019999999178,
          2.07324200000005,
          5.243751000000088,
          1.6295390000000225,
          1.53129899999999,
          1.4922520000000077,
          2.302428999999961,
          2.612600999999927,
          2.2914260000000013,
          2.5121430000000373,
          3.474452000000042,
          2.497549000000049,
          2.0244950000000017,
          2.925027,
          2.9408730000000105,
          3.280443000000105,
          1.571435000000065,
          1.500099999999975,
          2.2736850000000004,
          3.440332000000012,
          2.3699510000000146,
          1.5102509999999256,
          1.914888000000019,
          1.7820709999998599,
          2.2326989999999114,
          2.0243410000000495,
          1.5454560000000583,
          1.4160769999998593,
          2.44122399999992,
          1.4681120000000192,
          1.9828220000001693,
          3.195842999999968,
          2.0075919999999314,
          1.6102590000000419,
          1.2815539999999146,
          1.345506000000114,
          1.5578570000000127,
          1.9157390000000305,
          2.31212000000005,
          1.747673000000077,
          2.3521840000000793,
          3.009016999999858
        ]
      },
      "rapidSigning": {
        "avgBatchTime": 18.050165299999982,
        "avgPerSignature": 1.8050165299999983
      },
      "sizes": {
        "publicKeySize": 132,
        "privateKeySize": 66,
        "signatureSize": 132,
        "credentialSize": 523,
        "nfcTransferTime": 1.2334905660377358,
        "bluetoothTransferTime": 0.2615,
        "fitsInQR": true
      }
    },
    "ML-DSA-44": {
      "algorithm": "ML-DSA-44 (Dilithium2)",
      "description": "Post-Quantum signature scheme",
      "walletCreation": {
        "avgTime": 3.1948079900000175,
        "minTime": 2.651586999999836,
        "maxTime": 8.38758800000005,
        "medianTime": 2.994549500000062,
        "stdDev": 0.7248254026952236,
        "p95": 4.041239000000132,
        "p99": 6.355508999999984,
        "avgMemory": 5563.2,