{
  "deviceTier": "low-end",
  "timestamp": "2026-03-18T17:26:36.186Z",
  "results": {
    "ECDSA": {
      "algorithm": "ECDSA secp256k1",
      "description": "Standard for mobile wallets (Bitcoin, Ethereum)",
      "walletCreation": {
        "avgTime": 1.2465701200000114,
        "minTime": 0.46111400000006597,
        "maxTime": 5.166207999999983,
        "medianTime": 1.079981499999974,
        "stdDev": 0.7623832257707679,
        "p95": 2.5996039999999994,
        "p99": 3.8113899999999603,
        "avgMemory": 33079.2,
        "times": [
          1.5666579999999612,
          1.4831550000000107,
          3.1714719999999943,
          3.6370330000000877,
          3.8113899999999603,
          1.6361470000000509,
          1.4525559999999587,
          1.5272719999999254,
          2.5996039999999994,
          5.166207999999983,
          1.7860940000000483,
          1.1693650000000844,
          1.1796749999999747,
          1.3920409999999492,
          1.3235789999999952,
          0.8944369999999253,
          0.8362590000000409,
          0.8782459999999901,
          0.9939160000000129,
          2.0923070000000052,
          1.1136730000000625,
          1.0725140000000692,
          0.9993869999999561,
          0.797851000000037,
          0.8517729999999801,
          0.8979460000000472,
          1.6827380000000858,
          1.8962060000000065,
          1.8251480000000129,
          1.0781930000000557,
          1.4439879999999903,
          0.929397999999992,
          0.6456470000000536,
          0.5723960000000261,
          0.523682000000008,
          0.6041569999999865,
          0.6739619999999604,
          0.5543730000000551,
          0.5769239999999627,
          1.3184860000000072,
          0.6317439999999124,
          0.6260919999999714,
          0.5909530000000132,
          0.5777100000000246,
          0.5131299999999328,
          1.0204169999999522,
          0.9615820000000213,
          1.0443129999999883,
          1.088448000000085,
          0.9255120000000261,
          0.9295070000000578,
          0.9546500000000151,
          1.817721000000006,
          1.398808000000031,
          1.4408690000000206,
          1.2443180000000211,
          1.365886000000046,
          1.625413999999978,
          1.6305760000000191,
          2.1120989999999438,
          2.548381999999947,
          1.2473549999999705,
          0.9529110000000856,
          0.887356000000068,
          0.8608219999999847,
          0.8603310000000874,
          0.871580999999992,
          0.9428260000000819,
          0.7910679999999957,
          0.7914389999999685,
          0.7226380000000745,
          1.2070119999999633,
          1.083639000000062,
          0.8874580000000378,
          1.136066000000028,
          1.2137370000000374,
          1.5716990000000806,
          1.4362670000000435,
          1.0817699999998922,
          3.2175150000000485,
          1.330349999999953,
          2.5705500000000256,
          1.1929310000000442,
          1.206429000000071,
          1.132635999999934,
          1.515015999999946,
          0.5944590000000289,
          0.4768269999999575,
          0.5052249999999958,
          0.46111400000006597,
          0.5980160000000296,
          1.122761999999966,
          1.2203880000000709,
          1.3729270000000042,
          0.5713910000000624,
          0.5805129999999963,
          0.5777740000000904,
          0.5414650000000165,
          0.6142790000000105,
          1.0044830000000502
        ]
      },
      "credentialSigning": {
        "avgTime": 2.3566374900000038,
        "minTime": 1.141845000000103,
        "maxTime": 16.675471000000016,
        "medianTime": 1.9364380000000097,
        "stdDev": 1.8169507118186041,
        "p95": 4.157384999999977,
        "p99": 8.113605000000007,
        "avgMemory": -17313.76,
        "times": [
          16.675471000000016,
          4.157384999999977,
          1.724552000000017,
          1.9668219999999792,
          1.67316500000004,
          1.7186140000000023,
          1.671416000000022,
          1.711616000000049,
          8.113605000000007,
          6.8072160000000395,
          1.9004360000000133,
          1.7759770000000117,
          1.4809129999999868,
          1.5717999999999392,
          1.5460520000000315,
          1.5638819999999214,
          4.0143920000000435,
          5.811140999999907,
          4.919513000000052,
          3.8114630000000034,
          3.40883400000007,
          1.9738770000000159,
          1.4899529999999004,
          1.5320090000000164,
          1.4424360000000434,
          1.3530809999999747,
          2.8108049999999594,
          2.9631580000000213,
          2.523001000000022,
          2.6067010000000437,
          2.4852070000000595,
          2.113597000000027,
          1.3914800000000014,
          1.3501250000000482,
          1.141845000000103,
          2.1973140000000058,
          1.4411310000000412,
          1.8024039999999104,
          1.5568620000000237,
          1.3909519999999702,
          1.4952319999999872,
          1.4191829999999754,
          1.3353510000000597,
          1.340408000000025,
          2.0368040000000747,
          1.4243679999999586,
          1.4386279999999942,
          1.4481040000000576,
          1.4461820000000216,
          1.5828579999999874,
          2.7320660000000316,
          2.6267870000000357,
          2.912947000000031,
          2.1779579999999896,
          2.2229360000000042,
          3.0265439999999444,
          2.316451000000029,
          1.6389939999999115,
          1.5271900000000187,
          1.9797139999999445,
          3.2185670000000073,
          2.965583000000038,
          1.5644209999999248,
          1.9558120000000372,
          1.9170639999999821,
          2.049280999999951,
          1.9878420000000006,
          2.024275999999986,
          1.5054680000000644,
          1.3379790000000185,
          1.9857240000000047,
          2.465334999999982,
          3.3663950000000114,
          3.922480999999948,
          2.593482999999992,
          1.9956350000001066,
          2.893246999999974,
          1.6593839999999318,
          1.5190539999999828,
          2.284041000000002,
          1.4145540000000665,
          2.384353000000033,
          2.3241879999999355,
          2.2147930000000997,
          1.8041140000000269,
          1.5544310000000223,
          1.5107679999999846,
          1.4522079999999278,
          2.971781999999962,
          2.6545079999999643,
          2.205202999999983,
          1.4459809999999607,
          1.4864340000000311,
          1.4281169999999292,
          1.3483889999999974,
          1.350665000000049,
          2.6480380000000423,
          2.014234999999985,
          1.8201320000000578,
          2.700875999999994
        ]
      },
      "rapidSigning": {
        "avgBatchTime": 15.881579699999975,
        "avgPerSignature": 1.5881579699999975
      },
      "sizes": {
        "publicKeySize": 132,
        "privateKeySize": 66,
        "signatureSize": 132,
        "credentialSize": 523,
        "nfcTransferTime": 1.2334905660377358,
        "bluetoothTransferTime": 0.2615,
        "fitsInQR": true
      }
    },
    "ML-DSA-44": {
      "algorithm": "ML-DSA-44 (Dilithium2)",
      "description": "Post-Quantum signature scheme",
      "walletCreation": {
        "avgTime": 3.467976220000003,
        "minTime": 2.709092999999939,
        "maxTime": 10.45749099999989,
        "medianTime": 3.2084100000000717,
        "stdDev": 0.9697619920678318,
        "p95": 4.69026800000006,
        "p99": 6.747751999999991,
        "avgMemory": -34930.16,