{
  "deviceTier": "low-end",
  "timestamp": "2026-03-22T10:37:39.245Z",
  "results": {
    "ECDSA": {
      "algorithm": "ECDSA secp256k1",
      "description": "Standard for mobile wallets (Bitcoin, Ethereum)",
      "walletCreation": {
        "avgTime": 0.9070953500000042,
        "minTime": 0.39459499999998116,
        "maxTime": 3.2911040000000185,
        "medianTime": 0.7251930000000186,
        "stdDev": 0.5878234348813686,
        "p95": 1.7559860000000072,
        "p99": 3.139174999999966,
        "avgMemory": 34128.88,
        "times": [
          2.4813589999999976,
          1.5575410000000147,
          3.0651340000000005,
          2.8595550000000003,
          3.139174999999966,
          1.7052550000000224,
          0.9704530000000204,
          1.319989000000021,
          1.2074250000000006,
          3.2911040000000185,
          0.7032780000000116,
          0.7712609999999813,
          0.7321919999999977,
          0.5174840000000245,
          1.0609180000000151,
          0.6091150000000312,
          0.6054960000000165,
          1.315845999999965,
          0.5484299999999962,
          0.5175370000000044,
          0.5418590000000449,
          0.6082809999999768,
          0.4955699999999865,
          0.512341000000049,
          0.5145890000000009,
          0.45811300000002575,
          1.2004210000000057,
          1.3512289999999894,
          1.397656999999981,
          1.3784350000000813,
          1.1037279999999328,
          1.1470260000000962,
          0.7875360000000455,
          0.47665600000004815,
          0.4740879999999379,
          0.4989540000000261,
          0.48643600000002607,
          0.4444109999999455,
          1.6777600000000348,
          0.8098029999999881,
          0.5935080000000426,
          0.46796499999993557,
          0.4103489999999965,
          0.47089900000003126,
          0.4176399999998921,
          0.3967800000000352,
          0.4677449999999226,
          0.4241030000000592,
          0.504662000000053,
          0.4379319999999325,
          0.4069319999999834,
          0.39459499999998116,
          0.8628190000000586,
          0.8109420000000682,
          0.49409400000001824,
          0.6865119999999933,
          1.3990330000000313,
          1.2604989999999816,
          1.7559860000000072,
          1.2265780000000177,
          0.6694719999999279,
          0.6760679999999866,
          0.5113189999999577,
          0.4846740000000409,
          0.4594809999999825,
          0.4725230000000238,
          0.8594430000000557,
          0.5584169999999631,
          0.4468060000000378,
          0.4723679999999604,
          0.7677330000000211,
          0.9294709999999213,
          1.2658250000000635,
          0.9464850000000524,
          0.9447940000000017,
          0.9432170000000042,
          0.7852209999999786,
          0.9668499999999085,
          1.3878960000000689,
          0.9539379999999937,
          0.6837960000000294,
          0.7181940000000395,
          1.0896450000000186,
          1.1580340000000433,
          1.1213179999999738,
          0.6071130000000267,
          1.0385579999999663,
          0.8268209999999954,
          1.2990519999999606,
          0.5040149999999812,
          0.5515420000000404,
          0.9100700000000188,
          1.2095190000000002,
          0.9081240000000435,
          0.526948999999945,
          0.522850999999946,
          0.44223199999998997,
          0.41913399999998546,
          0.6815410000000384,
          0.7560130000000527
        ]
      },
      "credentialSigning": {
        "avgTime": 2.177356219999997,
        "minTime": 1.0526800000000094,
        "maxTime": 14.932399000000032,
        "medianTime": 1.7404909999999632,
        "stdDev": 1.666490611812807,
        "p95": 4.794768999999974,
        "p99": 6.18777399999999,
        "avgMemory": 28468.88,
        "times": [
          14.932399000000032,
          2.820814999999925,
          5.191329999999994,
          3.0006790000001047,
          2.6921029999999746,
          1.6071059999999306,
          3.1071150000000216,
          3.6510150000000294,
          6.18777399999999,
          3.272373000000016,
          2.4121619999999666,
          2.479029999999966,
          1.7040020000000595,
          1.3978740000000016,
          1.347560000000044,
          1.542190000000005,
          5.642752999999971,
          4.794768999999974,
          5.794488000000001,
          3.341662000000042,
          2.7740499999999884,
          3.7102009999999837,
          2.3741690000000517,
          1.5994569999999158,
          2.085258999999951,
          1.3512850000000753,
          1.8725630000000137,
          2.628610999999978,
          2.660933,
          3.0033999999999423,
          3.2769670000000133,
          1.931216999999947,
          1.6749210000000403,
          1.9606320000000323,
          1.2279780000000073,
          1.7308309999999665,
          1.832055999999966,
          1.5499960000000783,
          1.1586099999999533,
          1.2161700000000337,
          1.2532209999999395,
          1.1504919999999856,
          1.7375529999999344,
          1.467534999999998,
          1.5542560000000094,
          1.1435659999999643,
          1.0624380000000428,
          1.1371829999999363,
          1.1405700000000252,
          1.0695769999999811,
          1.4922720000000709,
          2.9630200000000286,
          2.0957670000000235,
          1.262976999999978,
          1.1865850000000364,
          1.8664499999999862,
          1.8824540000000525,
          1.2140489999999318,
          1.1230889999999363,
          2.4759480000000167,
          3.5842590000000882,
          2.203304000000003,
          1.4344059999999672,
          1.2022879999999532,
          1.2233139999999594,
          1.1652129999999943,
          1.2650160000000596,
          1.3319879999999102,
          2.8538879999999835,
          2.6374270000000024,
          2.6838710000000674,
          3.2310619999999517,
          2.0787200000000894,
          2.0042499999999563,
          1.9217350000000124,
          1.931765999999925,
          2.2515869999999722,
          1.6733470000000352,
          1.5186069999999745,
          2.069550999999933,
          1.678831999999943,
          1.1590929999999844,
          1.150871000000052,
          1.14420599999994,
          1.0526800000000094,
          1.840257000000065,
          2.2595560000000887,
          1.0904610000000048,
          1.0609510000000455,
          1.068663000000015,
          1.0846139999999878,
          1.2159749999999576,
          1.0876769999999851,
          1.094598000000019,
          1.1929999999999836,
          1.743428999999992,
          1.512461999999914,
          1.851878000000056,
          2.0554570000000467,
          2.3078559999999015
        ]
      },
      "rapidSigning": {
        "avgBatchTime": 13.973586799999975,
        "avgPerSignature": 1.3973586799999975
      },
      "sizes": {
        "publicKeySize": 132,
        "privateKeySize": 66,
        "signatureSize": 132,
        "credentialSize": 523,
        "nfcTransferTime": 1.2334905660377358,
        "bluetoothTransferTime": 0.2615,
        "fitsInQR": true
      }
    },
    "ML-DSA-44": {
      "algorithm": "ML-DSA-44 (Dilithium2)",
      "description": "Post-Quantum signature scheme",
      "walletCreation": {
        "avgTime": 3.0679684399999885,
        "minTime": 2.3922560000000885,
        "maxTime": 12.386207999999897,
        "medianTime": 2.7518460000000005,
        "stdDev": 1.1485160736132245,
        "p95": 4.286977999999863,
        "p99": 6.37245699999994,
        "avgMemory": -34599.2,